{
  "energy": {
    "energy": {
      "mean": 743.847541181491,
      "ci": [
        743.5866187838509,
        744.1001585560928
      ]
    },
    "pdr_mean": {
      "mean": 0.1645,
      "ci": [
        0.14350000000000002,
        0.1865
      ]
    },
    "pdr_round_mean": {
      "mean": 0.1645,
      "ci": [
        0.14350000000000002,
        0.1865
      ]
    },
    "pdr_round_min": {
      "mean": 0.0,
      "ci": [
        0.0,
        0.0
      ]
    }
  },
  "robust": {
    "energy": {
      "mean": 743.9768835778909,
      "ci": [
        743.5495824623325,
        744.4074970626694
      ]
    },
    "pdr_mean": {
      "mean": 0.39949999999999997,
      "ci": [
        0.381,
        0.417
      ]
    },
    "pdr_round_mean": {
      "mean": 0.39949999999999997,
      "ci": [
        0.381,
        0.417
      ]
    },
    "pdr_round_min": {
      "mean": 0.0,
      "ci": [
        0.0,
        0.0
      ]
    }
  }
}