{
  "FULL": {
    "energy": {
      "mean": 40.20274767974424,
      "ci95": 0.015080639340813466
    },
    "pdr_end2end": {
      "mean": 0.7297000000000001,
      "ci95": 0.008326928845618895
    },
    "repeats": 50
  },
  "-CAS": {
    "energy": {
      "mean": 40.20274767974424,
      "ci95": 0.015080639340813466
    },
    "pdr_end2end": {
      "mean": 0.7297000000000001,
      "ci95": 0.008326928845618895
    },
    "repeats": 50
  },
  "-FAIR": {
    "energy": {
      "mean": 40.22769812713777,
      "ci95": 0.018171049855447065
    },
    "pdr_end2end": {
      "mean": 0.7223000000000002,
      "ci95": 0.008868577337995086
    },
    "repeats": 50
  },
  "-GW": {
    "energy": {
      "mean": 42.5037343575382,
      "ci95": 0.015070415754615945
    },
    "pdr_end2end": {
      "mean": 0.40868518518518504,
      "ci95": 0.003919049953461031
    },
    "repeats": 50
  },
  "-SAFETY": {
    "energy": {
      "mean": 39.55154149434216,
      "ci95": 0.019048431520904942
    },
    "pdr_end2end": {
      "mean": 0.42019999999999996,
      "ci95": 0.009626300639394137
    },
    "repeats": 50
  }
}