{
  "FULL": {
    "energy": {
      "mean": 732.1908976137981,
      "ci95": 0.0015036410397306324
    },
    "pdr_end2end": {
      "mean": 0.9855499999999999,
      "ci95": 0.0017391601247136346
    },
    "repeats": 100,
    "workers": 28
  },
  "-CAS": {
    "energy": {
      "mean": 732.1908976137981,
      "ci95": 0.0015036410397306324
    },
    "pdr_end2end": {
      "mean": 0.9855499999999999,
      "ci95": 0.0017391601247136346
    },
    "repeats": 100,
    "workers": 28
  },
  "-FAIR": {
    "energy": {
      "mean": 732.2557708281913,
      "ci95": 0.003135253946040404
    },
    "pdr_end2end": {
      "mean": 0.9819,
      "ci95": 0.0016349955178636875
    },
    "repeats": 100,
    "workers": 28
  },
  "-GW": {
    "energy": {
      "mean": 694.6479396118687,
      "ci95": 0.0005212127034497035
    },
    "pdr_end2end": {
      "mean": 0.7395920410156249,
      "ci95": 0.0012493843333418238
    },
    "repeats": 100,
    "workers": 28
  },
  "-SAFETY": {
    "energy": {
      "mean": 732.1551741648286,
      "ci95": 0.0004859188854535906
    },
    "pdr_end2end": {
      "mean": 0.89095,
      "ci95": 0.004242541352929062
    },
    "repeats": 100,
    "workers": 28
  }
}