{
  "total_energy_consumed": {
    "BASE": {
      "mean": 39.382464879662386,
      "ci95": 0.02122935342387247,
      "values": [
        39.417775869368604,
        39.39053851365016,
        39.356636032922836,
        39.393682571384055,
        39.353691410986286
      ]
    },
    "ROBUST": {
      "mean": 40.14131447207655,
      "ci95": 0.03229201878597037,
      "values": [
        40.1405283015054,
        40.15710734319713,
        40.19577880058217,
        40.13062642047962,
        40.082531494618436
      ]
    },
    "welch_t": {
      "t_stat": -38.487082429161816,
      "df": 6.9133808247634745,
      "p_approx": 0.0
    }
  },
  "pdr_end2end_mean": {
    "BASE": {
      "mean": 0.398,
      "ci95": 0.024259701564528776,
      "values": [
        0.41,
        0.39,
        0.38,
        0.445,
        0.365
      ]
    },
    "ROBUST": {
      "mean": 0.734,
      "ci95": 0.03272671813671517,
      "values": [
        0.7,
        0.695,
        0.72,
        0.765,
        0.79
      ]
    },
    "welch_t": {
      "t_stat": -16.165807537309508,
      "df": 7.3764660125407495,
      "p_approx": 0.0
    }
  },
  "pdr_end2end_p05": {
    "BASE": {
      "mean": 0.0,
      "ci95": 0.0,
      "values": [
        0.0,
        0.0,
        0.0,
        0.0,
        0.0
      ]
    },
    "ROBUST": {
      "mean": 0.0,
      "ci95": 0.0,
      "values": [
        0.0,
        0.0,
        0.0,
        0.0,
        0.0
      ]
    },
    "welch_t": {
      "t_stat": 0.0,
      "df": Infinity,
      "p_approx": 1.0
    }
  },
  "lifetime": {
    "BASE": {
      "mean": 200,
      "ci95": 0.0,
      "values": [
        200,
        200,
        200,
        200,
        200
      ]
    },
    "ROBUST": {
      "mean": 200,
      "ci95": 0.0,
      "values": [
        200,
        200,
        200,
        200,
        200
      ]
    },
    "welch_t": {
      "t_stat": 0.0,
      "df": Infinity,
      "p_approx": 1.0
    }
  }
}