{
  "total_energy_consumed": {
    "BASE": {
      "mean": 39.55012393505987,
      "ci95": 0.013275972746756294,
      "values": [
        39.5741408067245,
        39.654872472685696,
        39.595950566874926,
        39.555393275697284,
        39.45801136635521,
        39.52070902499839,
        39.550499128223244,
        39.537265069054435,
        39.57385653773991,
        39.50965939183509,
        39.55970846770881,
        39.527138870338135,
        39.470368570864004,
        39.505596972567226,
        39.61942979262538,
        39.59593019964587,
        39.55706290558624,
        39.65029695439386,
        39.55340181933431,
        39.55820475418674,
        39.574429764481295,
        39.517771798405875,
        39.57575132567276,
        39.57745843365371,
        39.517776385457196,
        39.55787914551167,
        39.50298019433844,
        39.463116149701094,
        39.512747237505494,
        39.548280628265694,
        39.51150267609919,
        39.58217933405518,
        39.48362428190203,
        39.47063172701718,
        39.54588162649778,
        39.5466625864706,
        39.524021433742924,
        39.57925692684669,
        39.572039401135946,
        39.53854314508515,
        39.495161677626605,
        39.63420851353669,
        39.553445338913164,
        39.542351636766384,
        39.62720025669346,
        39.52030006181699,
        39.62293909431252,
        39.59524895054674,
        39.47915871102648,
        39.60615136246957
      ]
    },
    "ROBUST": {
      "mean": 40.208322687195455,
      "ci95": 0.017214746998113886,
      "values": [
        40.22390002364322,
        40.20756548910424,
        40.2247005959643,
        40.297039124005316,
        40.23314083087114,
        40.27179988234559,
        40.178260945525246,
        40.257344724193764,
        40.14920450424208,
        40.17162928027279,
        40.17376444239022,
        40.12203278560549,
        40.14082665802892,
        40.257364078295474,
        40.20737918856883,
        40.16417030069225,
        40.194277767282756,
        40.16389048979552,
        40.2054408925407,
        40.302168981143545,
        40.217108678009645,
        40.108907330842506,
        40.11445437478809,
        40.29097866297458,
        40.297254865186844,
        40.259082369436015,
        40.229765536672964,
        40.07224443497392,
        40.234210133528094,
        40.20101545192008,
        40.1534748584733,
        40.07522766815318,
        40.22712958278719,
        40.210021850320054,
        40.25036565631621,
        40.13569473920454,
        40.30780018215652,
        40.37664808885501,
        40.20462554140079,
        40.262070627241265,
        40.18143525686271,
        40.17230710195709,
        40.21861132757802,
        40.20377518454823,
        40.23093076791381,
        40.19256458512986,
        40.114494953925146,
        40.24768021371589,
        40.202699693071885,
        40.277653657318005
      ]
    },
    "welch_t": {
      "t_stat": -59.342623477653724,
      "df": 92.05541761862843,
      "p_approx": 0.0
    }
  },
  "pdr_end2end_mean": {
    "BASE": {
      "mean": 0.4293,
      "ci95": 0.009752885948271926,
      "values": [
        0.405,
        0.465,
        0.38,
        0.44,
        0.44,
        0.4,
        0.48,
        0.435,
        0.43,
        0.425,
        0.45,
        0.435,
        0.475,
        0.38,
        0.415,
        0.405,
        0.425,
        0.45,
        0.385,
        0.41,
        0.37,
        0.52,
        0.425,
        0.51,
        0.395,
        0.415,
        0.455,
        0.475,
        0.405,
        0.44,
        0.435,
        0.425,
        0.41,
        0.49,
        0.435,
        0.34,
        0.455,
        0.41,
        0.425,
        0.395,
        0.37,
        0.415,
        0.455,
        0.43,
        0.395,
        0.465,
        0.455,
        0.44,
        0.445,
        0.435
      ]
    },
    "ROBUST": {
      "mean": 0.7222999999999999,
      "ci95": 0.009816489327656806,
      "values": [
        0.735,
        0.72,
        0.74,
        0.67,
        0.74,
        0.71,
        0.71,
        0.7,
        0.745,
        0.775,
        0.685,
        0.735,
        0.74,
        0.66,
        0.73,
        0.76,
        0.69,
        0.74,
        0.69,
        0.73,
        0.705,
        0.72,
        0.77,
        0.67,
        0.69,
        0.71,
        0.735,
        0.805,
        0.74,
        0.67,
        0.705,
        0.74,
        0.705,
        0.765,
        0.67,
        0.805,
        0.67,
        0.665,
        0.735,
        0.69,
        0.77,
        0.76,
        0.745,
        0.735,
        0.705,
        0.73,
        0.755,
        0.68,
        0.76,
        0.705
      ]
    },
    "welch_t": {
      "t_stat": -41.50108338148241,
      "df": 97.99585938356947,
      "p_approx": 0.0
    }
  },
  "pdr_end2end_p05": {
    "BASE": {
      "mean": 0.0,
      "ci95": 0.0,
      "values": [
        0.0,
        0.0,
        0.0,
        0.0,
        0.0,
        0.0,
        0.0,
        0.0,
        0.0,
        0.0,
        0.0,
        0.0,
        0.0,
        0.0,
        0.0,
        0.0,
        0.0,
        0.0,
        0.0,
        0.0,
        0.0,
        0.0,
        0.0,
        0.0,
        0.0,
        0.0,
        0.0,
        0.0,
        0.0,
        0.0,
        0.0,
        0.0,
        0.0,
        0.0,
        0.0,
        0.0,
        0.0,
        0.0,
        0.0,
        0.0,
        0.0,
        0.0,
        0.0,
        0.0,
        0.0,
        0.0,
        0.0,
        0.0,
        0.0,
        0.0
      ]
    },
    "ROBUST": {
      "mean": 0.0,
      "ci95": 0.0,
      "values": [
        0.0,
        0.0,
        0.0,
        0.0,
        0.0,
        0.0,
        0.0,
        0.0,
        0.0,
        0.0,
        0.0,
        0.0,
        0.0,
        0.0,
        0.0,
        0.0,
        0.0,
        0.0,
        0.0,
        0.0,
        0.0,
        0.0,
        0.0,
        0.0,
        0.0,
        0.0,
        0.0,
        0.0,
        0.0,
        0.0,
        0.0,
        0.0,
        0.0,
        0.0,
        0.0,
        0.0,
        0.0,
        0.0,
        0.0,
        0.0,
        0.0,
        0.0,
        0.0,
        0.0,
        0.0,
        0.0,
        0.0,
        0.0,
        0.0,
        0.0
      ]
    },
    "welch_t": {
      "t_stat": 0.0,
      "df": Infinity,
      "p_approx": 1.0
    }
  },
  "lifetime": {
    "BASE": {
      "mean": 200,
      "ci95": 0.0,
      "values": [
        200,
        200,
        200,
        200,
        200,
        200,
        200,
        200,
        200,
        200,
        200,
        200,
        200,
        200,
        200,
        200,
        200,
        200,
        200,
        200,
        200,
        200,
        200,
        200,
        200,
        200,
        200,
        200,
        200,
        200,
        200,
        200,
        200,
        200,
        200,
        200,
        200,
        200,
        200,
        200,
        200,
        200,
        200,
        200,
        200,
        200,
        200,
        200,
        200,
        200
      ]
    },
    "ROBUST": {
      "mean": 200,
      "ci95": 0.0,
      "values": [
        200,
        200,
        200,
        200,
        200,
        200,
        200,
        200,
        200,
        200,
        200,
        200,
        200,
        200,
        200,
        200,
        200,
        200,
        200,
        200,
        200,
        200,
        200,
        200,
        200,
        200,
        200,
        200,
        200,
        200,
        200,
        200,
        200,
        200,
        200,
        200,
        200,
        200,
        200,
        200,
        200,
        200,
        200,
        200,
        200,
        200,
        200,
        200,
        200,
        200
      ]
    },