{
  "total_energy_consumed": {
    "BASE": {
      "mean": 53.57016380983297,
      "ci95": 0.13015211504327978,
      "values": [
        53.827698793617856,
        53.48435063490896,
        53.49965047014201,
        53.404546816685446,
        53.63457233381058
      ]
    },
    "ROBUST": {
      "mean": 63.48830150517024,
      "ci95": 1.0567522857943614,
      "values": [
        63.87688260903654,
        63.33070597226406,
        61.90923092951929,
        65.52053351292771,
        62.80415450210359
      ]
    },
    "welch_t": {
      "t_stat": -18.257606463759583,
      "df": 4.121323836921497
    }
  },
  "pdr_end2end_mean": {
    "BASE": {
      "mean": 0.776,
      "ci95": 0.02591354240546825,
      "values": [
        0.805,
        0.78,
        0.81,
        0.735,
        0.75
      ]
    },
    "ROBUST": {
      "mean": 0.9691312672691883,
      "ci95": 0.01125592450166261,
      "values": [
        0.9466820906509622,
        0.9648502495840267,
        0.9845742492801316,
        0.974875437294604,
        0.9746743095362168
      ]
    },
    "welch_t": {
      "t_stat": -13.39833261671683,
      "df": 5.457497547668779
    }
  },
  "pdr_end2end_p05": {
    "BASE": {
      "mean": 0.0,
      "ci95": 0.0,
      "values": [
        0.0,
        0.0,
        0.0,
        0.0,
        0.0
      ]
    },
    "ROBUST": {
      "mean": 0.8,
      "ci95": 0.35061545887196705,
      "values": [
        0.0,
        1.0,
        1.0,
        1.0,
        1.0
      ]
    },
    "welch_t": {
      "t_stat": -4.47213595499958,
      "df": 4.0
    }
  },
  "lifetime": {
    "BASE": {
      "mean": 200,
      "ci95": 0.0,
      "values": [
        200,
        200,
        200,
        200,
        200
      ]
    },
    "ROBUST": {
      "mean": 200,
      "ci95": 0.0,
      "values": [
        200,
        200,
        200,
        200,
        200
      ]
    },
    "welch_t": {
      "t_stat": 0.0,
      "df": Infinity
    }
  }
}