{
  "uniform_50x200": {
    "total_energy_consumed": {
      "BASE": {
        "mean": 36.883292627051404,
        "ci95": 0.021717972858619542,
        "values": [
          36.8611842329082,
          36.87624930926736,
          36.92760450175027,
          36.860668533616376,
          36.89075655771482
        ]
      },
      "ROBUST": {
        "mean": 37.17266413726969,
        "ci95": 0.06199954224542517,
        "values": [
          37.16238532695687,
          37.28064112842448,
          37.10425615386946,
          37.09421482818676,
          37.221823248910894
        ]
      },
      "welch_t": {
        "t_stat": -8.633573020630243,
        "df": 4.967077743655326
      }
    },
    "pdr_end2end_mean": {
      "BASE": {
        "mean": 0.851,
        "ci95": 0.006441217276260759,
        "values": [
          0.845,
          0.84,
          0.86,
          0.855,
          0.855
        ]
      },
      "ROBUST": {
        "mean": 0.979,
        "ci95": 0.007012309177439347,
        "values": [
          0.985,
          0.97,
          0.97,
          0.99,
          0.98
        ]
      },
      "welch_t": {
        "t_stat": -26.348383026963763,
        "df": 7.942954934398175
      }
    },
    "pdr_end2end_p05": {
      "BASE": {
        "mean": 0.0,
        "ci95": 0.0,
        "values": [
          0.0,
          0.0,
          0.0,
          0.0,
          0.0
        ]
      },
      "ROBUST": {
        "mean": 1.0,
        "ci95": 0.0,
        "values": [
          1.0,
          1.0,
          1.0,
          1.0,
          1.0
        ]
      },
      "welch_t": {
        "t_stat": 0.0,
        "df": Infinity
      }
    },
    "lifetime": {
      "BASE": {
        "mean": 200,
        "ci95": 0.0,
        "values": [
          200,
          200,
          200,
          200,
          200
        ]
      },
      "ROBUST": {
        "mean": 200,
        "ci95": 0.0,
        "values": [
          200,
          200,
          200,
          200,
          200
        ]
      },
      "welch_t": {
        "t_stat": 0.0,
        "df": Infinity
      }
    }
  },
  "corridor41_50x200": {
    "total_energy_consumed": {
      "BASE": {
        "mean": 68.11016066142997,
        "ci95": 0.2110901268621206,
        "values": [
          68.16047748176887,
          68.41039453589539,
          67.96531631891781,
          67.72876888235595,
          68.28584608821181
        ]
      },
      "ROBUST": {
        "mean": 67.90029751804752,
        "ci95": 0.3420592381235772,
        "values": [
          67.99265134820783,
          67.27981445634032,
          67.716747209027,
          68.05493108844628,
          68.45734348821615
        ]
      },
      "welch_t": {
        "t_stat": 1.0233413722523643,
        "df": 6.66075712319325
      }
    },
    "pdr_end2end_mean": {
      "BASE": {
        "mean": 0.7636068841127491,
        "ci95": 0.028126837731249833,
        "values": [
          0.8219318181818182,
          0.7686278964107224,
          0.7378839590443687,
          0.7580608537693007,
          0.7315298931575358
        ]
      },
      "ROBUST": {
        "mean": 0.9571374367877741,
        "ci95": 0.011430815403434559,
        "values": [
          0.9370629370629371,
          0.9546925566343042,
          0.9742825195676481,
          0.9679781556410575,
          0.9516710150329234
        ]
      },
      "welch_t": {
        "t_stat": -12.493708503965669,
        "df": 5.286217072901733
      }
    },
    "pdr_end2end_p05": {
      "BASE": {
        "mean": 0.0,
        "ci95": 0.0,
        "values": [
          0.0,
          0.0,
          0.0,
          0.0,
          0.0
        ]
      },
      "ROBUST": {
        "mean": 0.6,
        "ci95": 0.42941448508405017,
        "values": [
          0.0,
          1.0,
          1.0,
          1.0,
          0.0
        ]
      },
      "welch_t": {
        "t_stat": -2.7386127875258306,
        "df": 4.0
      }
    },
    "lifetime": {
      "BASE": {
        "mean": 200,
        "ci95": 0.0,
        "values": [
          200,
          200,
          200,
          200,
          200
        ]
      },
      "ROBUST": {
        "mean": 200,
        "ci95": 0.0,
        "values": [
          200,
          200,
          200,
          200,
          200
        ]
      },
      "welch_t": {
        "t_stat": 0.0,
        "df": Infinity
      }
    }
  }
}